dataset_id,AutoCorrelation,CfsSubsetEval_DecisionStumpAUC,CfsSubsetEval_DecisionStumpErrRate,CfsSubsetEval_DecisionStumpKappa,CfsSubsetEval_NaiveBayesAUC,CfsSubsetEval_NaiveBayesErrRate,CfsSubsetEval_NaiveBayesKappa,CfsSubsetEval_kNN1NAUC,CfsSubsetEval_kNN1NErrRate,CfsSubsetEval_kNN1NKappa,ClassEntropy,DecisionStumpAUC,DecisionStumpErrRate,DecisionStumpKappa,Dimensionality,J48.00001.AUC,J48.00001.ErrRate,J48.00001.Kappa,J48.0001.AUC,J48.0001.ErrRate,J48.0001.Kappa,J48.001.AUC,J48.001.ErrRate,J48.001.Kappa,MajorityClassPercentage,MajorityClassSize,MaxKurtosisOfNumericAtts,MaxMeansOfNumericAtts,MaxNominalAttDistinctValues,MaxSkewnessOfNumericAtts,MaxStdDevOfNumericAtts,MeanKurtosisOfNumericAtts,MeanMeansOfNumericAtts,MeanNominalAttDistinctValues,MeanSkewnessOfNumericAtts,MeanStdDevOfNumericAtts,MinKurtosisOfNumericAtts,MinMeansOfNumericAtts,MinNominalAttDistinctValues,MinSkewnessOfNumericAtts,MinStdDevOfNumericAtts,MinorityClassPercentage,MinorityClassSize,NaiveBayesAUC,NaiveBayesErrRate,NaiveBayesKappa,NumberOfBinaryFeatures,NumberOfClasses,NumberOfFeatures,NumberOfInstances,NumberOfInstancesWithMissingValues,NumberOfMissingValues,NumberOfNumericFeatures,NumberOfSymbolicFeatures,PercentageOfBinaryFeatures,PercentageOfInstancesWithMissingValues,PercentageOfMissingValues,PercentageOfNumericFeatures,PercentageOfSymbolicFeatures,Quartile1KurtosisOfNumericAtts,Quartile1MeansOfNumericAtts,Quartile1SkewnessOfNumericAtts,Quartile1StdDevOfNumericAtts,Quartile2KurtosisOfNumericAtts,Quartile2MeansOfNumericAtts,Quartile2SkewnessOfNumericAtts,Quartile2StdDevOfNumericAtts,Quartile3KurtosisOfNumericAtts,Quartile3MeansOfNumericAtts,Quartile3SkewnessOfNumericAtts,Quartile3StdDevOfNumericAtts,REPTreeDepth1AUC,REPTreeDepth1ErrRate,REPTreeDepth1Kappa,REPTreeDepth2AUC,REPTreeDepth2ErrRate,REPTreeDepth2Kappa,REPTreeDepth3AUC,REPTreeDepth3ErrRate,REPTreeDepth3Kappa,RandomTreeDepth1AUC,RandomTreeDepth1ErrRate,RandomTreeDepth1Kappa,RandomTreeDepth2AUC,RandomTreeDepth2ErrRate,RandomTreeDepth2Kappa,RandomTreeDepth3AUC,RandomTreeDepth3ErrRate,RandomTreeDepth3Kappa,StdvNominalAttDistinctValues,kNN1NAUC,kNN1NErrRate,kNN1NKappa
6,0.04090204510225511,0.9425298055650914,0.15215,0.841756863867533,0.9425298055650914,0.15215,0.841756863867533,0.9425298055650914,0.15215,0.841756863867533,4.69981072657316,0.6574545268026781,0.9293,0.03276976655404448,0.00085,0.9379676053125593,0.15865,0.8349979241615618,0.9379676053125593,0.15865,0.8349979241615618,0.9379676053125593,0.15865,0.8349979241615618,4.0649999999999995,813.0,2.075245046157538,8.338849999999995,26.0,1.1599750154235924,3.304555303560269,0.6977379005298701,5.925465624999998,26.0,0.29029703410184804,2.273771145446362,-0.4211788221168451,3.046099999999995,26.0,-0.31007906987268463,1.5467224363199539,3.6700000000000004,734.0,0.9559207236903551,0.36025,0.6253250509940796,0.0,26.0,17.0,20000.0,0.0,0.0,16.0,1.0,0.0,0.0,0.0,94.11764705882352,5.88235294117647,0.3091324958538607,4.174812499999999,-0.13733042812365298,2.017438812826727,0.8853044390128566,5.913225000000001,0.2543345879398813,2.2933721022270195,1.1728389823381402,7.7260124999999995,0.653378002627639,2.5474231354919117,0.9544303249787935,0.20315,0.7887152321892192,0.9544303249787935,0.20315,0.7887152321892192,0.9544303249787935,0.20315,0.7887152321892192,0.9080139521161272,0.1769,0.816017080292,0.9080139521161272,0.1769,0.816017080292,0.9080139521161272,0.1769,0.816017080292,0.0,0.9731018928391187,0.05785,0.939833878217649
11,0.6971153846153846,0.8406824596109461,0.1984,0.6373963655418936,0.8406824596109461,0.1984,0.6373963655418936,0.8406824596109461,0.1984,0.6373963655418936,1.318116246441582,0.6469194362017804,0.376,0.3026706231454006,0.008,0.8406824596109461,0.1984,0.6373963655418936,0.8406824596109461,0.1984,0.6373963655418936,0.8406824596109461,0.1984,0.6373963655418936,46.08,288.0,-1.300798439249971,3.0,3.0,0.0,1.4153462926807447,-1.3007984392499752,3.0,3.0,0.0,1.4153462926807447,-1.3007984392499798,3.0,3.0,0.0,1.4153462926807447,7.84,49.0,0.9630951121002308,0.104,0.8071216617210683,0.0,3.0,5.0,625.0,0.0,0.0,4.0,1.0,0.0,0.0,0.0,80.0,20.0,-1.3007984392499787,3.0,0.0,1.4153462926807447,-1.300798439249975,3.0,0.0,1.4153462926807447,-1.3007984392499718,3.0,0.0,1.4153462926807447,0.8525668273986152,0.2144,0.602373887240356,0.8525668273986152,0.2144,0.602373887240356,0.8525668273986152,0.2144,0.602373887240356,0.834430637982196,0.2144,0.6257317781650802,0.834430637982196,0.2144,0.6257317781650802,0.834430637982196,0.2144,0.6257317781650802,0.0,0.9232008696010551,0.1648,0.7027931671283473
12,0.9954977488744372,0.9360315277777779,0.1335,0.8516666666666667,0.9360315277777779,0.1335,0.8516666666666667,0.9360315277777779,0.1335,0.8516666666666667,3.321928094887362,0.7207469444444443,0.8065,0.10388888888888889,0.1085,0.9277102777777778,0.1375,0.8472222222222223,0.9277102777777778,0.1375,0.8472222222222223,0.9277102777777778,0.1375,0.8472222222222223,10.0,200.0,1.7012862999932459,1141.5704999999996,10.0,0.8630705307139119,153.51158138902838,-0.315188200704828,318.2703888888889,10.0,0.027560516903782382,49.58131318395632,-1.3893209589478623,6.7674999999999965,10.0,-1.0738237890694697,1.9854850353031415,10.0,200.0,0.9919074999999999,0.0765,0.915,0.0,10.0,217.0,2000.0,0.0,0.0,216.0,1.0,0.0,0.0,0.0,99.53917050691244,0.4608294930875576,-0.6970467475463484,14.118125000000006,-0.2190263674003187,5.542689317909613,-0.40269116562873153,146.4797499999999,-0.014119361298266794,30.290065676946117,0.01138630535997398,684.5027499999998,0.36651259782511425,91.59687126428517,0.9486284722222221,0.1575,0.8250000000000001,0.9486284722222221,0.1575,0.8250000000000001,0.9486284722222221,0.1575,0.8250000000000001,0.8927777777777776,0.193,0.7855555555555556,0.8927777777777776,0.193,0.7855555555555556,0.8927777777777776,0.193,0.7855555555555556,0.0,0.9753261111111112,0.044,0.951111111111111
14,0.9954977488744372,0.8794304166666665,0.254,0.7177777777777777,0.8794304166666665,0.254,0.7177777777777777,0.8794304166666665,0.254,0.7177777777777777,3.321928094887362,0.72435,0.8045,0.10611111111111111,0.0385,0.8594219444444444,0.282,0.6866666666666666,0.8594219444444444,0.282,0.6866666666666666,0.8594219444444444,0.282,0.6866666666666666,10.0,200.0,1.994922620258805,0.37731057175,10.0,1.029985534649324,0.17623067063193093,0.11900628082326806,0.13203208401769737,10.0,0.5447006835842777,0.0671079516668835,-1.1252793103314485,0.07169202572,10.0,-0.12062462029872044,0.037555498917336186,10.0,200.0,0.9626375,0.2465,0.726111111111111,0.0,10.0,77.0,2000.0,0.0,0.0,76.0,1.0,0.0,0.0,0.0,98.7012987012987,1.2987012987012987,-0.17890148800194938,0.0863261346625,0.4089907636277701,0.04270430540290948,0.06302301358113738,0.1064998764125,0.5542281675523084,0.052759297535721755,0.4381040236923678,0.15576810663375001,0.7107847694791952,0.08633520114293441,0.9261233333333333,0.2845,0.6838888888888889,0.9261233333333333,0.2845,0.6838888888888889,0.9261233333333333,0.2845,0.6838888888888889,0.7913888888888889,0.3755,0.5827777777777778,0.7913888888888889,0.3755,0.5827777777777778,0.7913888888888889,0.3755,0.5827777777777778,0.0,0.8825091666666666,0.2115,0.765
16,0.9954977488744372,0.8933529166666667,0.2105,0.7661111111111111,0.8933529166666667,0.2105,0.7661111111111111,0.8933529166666667,0.2105,0.7661111111111111,3.321928094887362,0.6936666666666667,0.8045,0.10611111111111111,0.0325,0.8896487500000001,0.21,0.7666666666666667,0.8896487500000001,0.21,0.7666666666666667,0.8896487500000001,0.21,0.7666666666666667,10.0,200.0,0.580942601366925,2.891171124290001,10.0,0.4187220480956684,7.691305182325387,-0.045654845752496065,0.053084739246640686,10.0,-0.004285662607736754,2.152662828702679,-0.944709265915264,-1.8197072740500002,10.0,-0.3391130927319128,0.8923441138647591,10.0,200.0,0.9956313888888889,0.068,0.9244444444444445,0.0,10.0,65.0,2000.0,0.0,0.0,64.0,1.0,0.0,0.0,0.0,98.46153846153847,1.5384615384615385,-0.14952953711034322,-0.29841679518749986,-0.10420201025097077,1.1438482801014436,-0.017345885787890536,0.004483087817499813,-0.020815908469464905,1.6476505065816718,0.07165494057478039,0.33246113886500006,0.0591765364965291,2.6614803695239697,0.9227765277777779,0.2055,0.7716666666666666,0.9227765277777779,0.2055,0.7716666666666666,0.9227765277777779,0.2055,0.7716666666666666,0.83,0.306,0.6599999999999999,0.83,0.306,0.6599999999999999,0.83,0.306,0.6599999999999999,0.0,0.972274861111111,0.05,0.9444444444444444
18,0.9954977488744372,0.9114204166666667,0.295,0.6722222222222222,0.9114204166666667,0.295,0.6722222222222222,0.9114204166666667,0.295,0.6722222222222222,3.321928094887362,0.7612499999999999,0.8015,0.10944444444444444,0.0035,0.9114204166666667,0.295,0.6722222222222222,0.9114204166666667,0.295,0.6722222222222222,0.9114204166666667,0.295,0.6722222222222222,10.0,200.0,0.0794938700561878,6155.200435156556,10.0,1.0084830014756712,3757.634467006599,-0.536236922624337,1052.6997316402776,10.0,0.5315671843447396,630.90708251402,-1.0383559313284294,0.49249999999999505,10.0,-0.06283666261436584,0.2913157171953473,10.0,200.0,0.9512127777777779,0.2995,0.6672222222222223,0.0,10.0,7.0,2000.0,0.0,0.0,6.0,1.0,0.0,0.0,0.0,85.71428571428571,14.285714285714285,-0.8692491113871175,0.6582499999999927,0.21477131477248879,0.571544999056086,-0.6352635311790746,1.686534392555002,0.6245331546193721,0.9208719889146832,-0.11149071301766611,1656.114273214139,0.7676581134191288,958.1661269687643,0.9442476388888889,0.2935,0.6738888888888889,0.9442476388888889,0.2935,0.6738888888888889,0.9442476388888889,0.2935,0.6738888888888889,0.8167275,0.3345,0.6283333333333333,0.8167275,0.3345,0.6283333333333333,0.8167275,0.3345,0.6283333333333333,0.0,0.8227808333333333,0.3295,0.6338888888888888
22,0.9954977488744372,0.8614040277777776,0.314,0.6511111111111112,0.8614040277777776,0.314,0.6511111111111112,0.8614040277777776,0.314,0.6511111111111112,3.321928094887362,0.6806197222222223,0.806,0.10444444444444444,0.024,0.8609231944444445,0.3195,0.645,0.8609231944444445,0.3195,0.645,0.8609231944444445,0.3195,0.645,10.0,200.0,4.370101298879665,508.902571633625,10.0,1.794599514537336,124.19249364407266,0.7353956813037765,88.63642941472712,10.0,0.7908300764747563,40.1254529217552,-0.9914117205299373,0.07855426092,10.0,0.005491522368602323,0.0665520027146517,10.0,200.0,0.9590269444444445,0.2705,0.6994444444444445,0.0,10.0,48.0,2000.0,0.0,0.0,47.0,1.0,0.0,0.0,0.0,97.91666666666666,2.083333333333333,-0.4612428052581321,7.537383493435,0.37904887836339535,3.7579900876369465,0.444046398140002,69.881896744535,0.7415928908678675,37.878377911282136,1.8699835840120702,126.83265674023002,1.2548334728305888,65.21134486568818,0.8958765277777778,0.3295,0.6338888888888888,0.8958765277777778,0.3295,0.6338888888888888,0.8958765277777778,0.3295,0.6338888888888888,0.7797222222222222,0.3965,0.5594444444444445,0.7797222222222222,0.3965,0.5594444444444445,0.7797222222222222,0.3965,0.5594444444444445,0.0,0.8854525,0.2065,0.7705555555555555
28,0.09254315714539954,0.9437785420246294,0.11583629893238434,0.8712880928662626,0.9437785420246294,0.11583629893238434,0.8712880928662626,0.9437785420246294,0.11583629893238434,0.8712880928662626,3.3218327248667654,0.685478631752301,0.801779359430605,0.10895524656780008,0.011565836298932384,0.9421672139708684,0.1202846975088968,0.8663455402192581,0.9421672139708684,0.1202846975088968,0.8663455402192581,0.9421672139708684,0.1202846975088968,0.8663455402192581,10.177935943060499,572.0,2807.4985758153466,11.989679715302495,10.0,52.99527777138423,6.518238490323084,168.55386930105925,4.911243327402135,10.0,5.451185659375441,3.6862924649286315,-1.646519852942154,0.0,10.0,-1.3029924517157276,0.0,9.857651245551601,554.0,0.9840879237555247,0.0905693950177936,0.8993684540095387,0.0,10.0,65.0,5620.0,0.0,0.0,64.0,1.0,0.0,0.0,0.0,98.46153846153847,1.5384615384615385,-1.3729913768757025,0.26103202846975304,-0.32992700595175056,0.9671170904003787,0.07721647432773548,4.565569395017791,0.5599451157139905,4.3017468979243105,20.296405116214235,9.04915480427047,4.0666119739712565,5.86637152935096,0.956425400938372,0.14323843416370108,0.8408389053730106,0.956425400938372,0.14323843416370108,0.8408389053730106,0.956425400938372,0.14323843416370108,0.8408389053730106,0.910334820783592,0.1613879003558719,0.8206798583827717,0.910334820783592,0.1613879003558719,0.8206798583827717,0.910334820783592,0.1613879003558719,0.8206798583827717,0.0,0.990615669145613,0.016903914590747332,0.9812174550809054
32,0.10290237467018469,0.9782711762062135,0.05058224163027657,0.9437860838946031,0.9782711762062135,0.05058224163027657,0.9437860838946031,0.9782711762062135,0.05058224163027657,0.9437860838946031,3.320771738890595,0.7173373091264319,0.7958515283842795,0.11176167822865958,0.0015465793304221252,0.9817749787965896,0.04439592430858806,0.9506616486549189,0.9817749787965896,0.04439592430858806,0.9506616486549189,0.9817749787965896,0.04439592430858806,0.9506616486549189,10.407569141193596,1144.0,3.0507472845475934,85.12026928675397,10.0,0.9482646831122141,41.760399833120424,-0.501042935533417,50.711045533115005,10.0,-0.03919608212030848,29.77423823733485,-1.6857931744696484,28.845342066957787,10.0,-1.4911828752029315,16.21857067549395,9.597889374090247,1055.0,0.979688395024371,0.14255822416302766,0.841573443111714,0.0,10.0,17.0,10992.0,0.0,0.0,16.0,1.0,0.0,0.0,0.0,94.11764705882352,5.88235294117647,-1.1972600845920125,35.90636371906841,-0.4250896848780795,26.506410017106628,-0.7839021550500958,48.52893013100446,0.08645947162697144,30.241492389979598,-0.260617128652207,59.604416848617134,0.44735729477907227,34.227219367990614,0.9863827944554124,0.06777656477438136,0.9246771388571129,0.9863827944554124,0.06777656477438136,0.9246771388571129,0.9863827944554124,0.06777656477438136,0.9246771388571129,0.9698982195381142,0.05413027656477438,0.9398412673504434,0.9698982195381142,0.05413027656477438,0.9398412673504434,0.9698982195381142,0.05413027656477438,0.9398412673504434,0.0,0.9956000692054666,0.007914847161572052,0.991204094219016
36,0.14811606756171503,0.9818610345883074,0.04199134199134199,0.951010101010101,0.9818610345883074,0.04199134199134199,0.951010101010101,0.9818610345883074,0.04199134199134199,0.951010101010101,2.8073549220576046,0.7749482924482924,0.7155844155844155,0.16515151515151513,0.008658008658008658,0.9766948707857798,0.047186147186147186,0.9449494949494949,0.9766948707857798,0.047186147186147186,0.9449494949494949,0.9766948707857798,0.047186147186147186,0.9449494949494949,14.285714285714285,330.0,339.2210942729759,124.9138528138528,7.0,16.900935254869903,72.95653249057915,38.51719076973927,24.633144132657648,7.0,3.3209588546592426,25.314714480981483,-1.215870969891144,-12.69086035930736,7.0,-0.8853608418421668,0.0,14.285714285714285,330.0,0.9707547334820061,0.1974025974025974,0.7696969696969697,0.0,7.0,20.0,2310.0,0.0,0.0,19.0,1.0,0.0,0.0,0.0,95.0,5.0,0.09497152241672613,0.0143338,0.6910972018286047,1.5453355472372121,0.6887408923151641,8.24369225068576,1.3027814412574135,19.571818883228,34.34011897757074,37.05159498454545,5.366954506409352,43.527458022681365,0.978708732345096,0.06926406926406926,0.9191919191919191,0.978708732345096,0.06926406926406926,0.9191919191919191,0.978708732345096,0.06926406926406926,0.9191919191919191,0.9676767676767676,0.05541125541125541,0.9353535353535352,0.9676767676767676,0.05541125541125541,0.9353535353535352,0.9676767676767676,0.05541125541125541,0.9353535353535352,0.0,0.9725899689536053,0.048484848484848485,0.9434343434343433
37,0.5501955671447197,0.7186641791044776,0.26953125,0.38164732240097077,0.7186641791044776,0.26953125,0.38164732240097077,0.7186641791044776,0.26953125,0.38164732240097077,0.9331343166407831,0.7111194029850746,0.2721354166666667,0.39105890922334524,0.01171875,0.7074365671641791,0.2760416666666667,0.38177399756986635,0.7074365671641791,0.2760416666666667,0.38177399756986635,0.7074365671641791,0.2760416666666667,0.38177399756986635,65.10416666666666,500.0,7.214259554348853,120.89453125,2.0,2.272250858431569,115.24400235133837,2.775362395442404,44.98579117838542,2.0,0.5292461289375233,25.7337429754516,-0.5200718661530077,0.4718763020833333,2.0,-1.8436079833551307,0.3313285950127748,34.89583333333333,268.0,0.8082686567164178,0.24088541666666666,0.45812356979405044,1.0,2.0,9.0,768.0,0.0,0.0,8.0,1.0,11.11111111111111,0.0,0.0,88.88888888888889,11.11111111111111,0.2796097882539714,8.017903645833334,-0.29439306721970576,4.4982236271180085,1.9668008946784574,32.61673177083334,0.5377137404718786,13.856224554203179,5.491254286007905,77.1259765625,1.722332475016523,28.81841543901336,0.7629141791044775,0.2825520833333333,0.3517752123720321,0.7629141791044775,0.2825520833333333,0.3517752123720321,0.7629141791044775,0.2825520833333333,0.3517752123720321,0.6644477611940298,0.3072916666666667,0.32719605630456744,0.6644477611940298,0.3072916666666667,0.32719605630456744,0.6644477611940298,0.3072916666666667,0.32719605630456744,0.0,0.6434029850746269,0.3098958333333333,0.2960315504067045
44,0.9997826086956522,0.9397314627894664,0.08563355792219082,0.8208876445659258,0.9397314627894664,0.08563355792219082,0.8208876445659258,0.9397314627894664,0.08563355792219082,0.8208876445659258,0.9673602371807668,0.7941574124705914,0.20930232558139536,0.549772420190581,0.012605955227124538,0.924541669007748,0.08411214953271028,0.82347465212921,0.924541669007748,0.08411214953271028,0.82347465212921,0.924541669007748,0.08411214953271028,0.82347465212921,60.59552271245382,2788.0,1480.6420502862907,283.28928493805716,2.0,31.062064279039635,606.3478507248471,241.1700186517731,6.150770191072139,2.0,11.186639096029253,15.193997694546747,5.257394367988116,0.005444468593783957,2.0,1.5916742687064245,0.07627427063724908,39.404477287546186,1813.0,0.93523126498161,0.20234731580091284,0.605321391923295,1.0,2.0,58.0,4601.0,0.0,0.0,57.0,1.0,1.7241379310344827,0.0,0.0,98.27586206896551,1.7241379310344827,50.655931063002996,0.06479352314714121,5.8507230150661425,0.31695822185668954,127.37652934849572,0.10285155400999912,9.724847529978312,0.4440553289821315,299.0723734257733,0.24413062377743908,13.646188094980591,0.8437450862048406,0.9386679853220129,0.10345577048467725,0.7807805902062573,0.9386679853220129,0.10345577048467725,0.7807805902062573,0.9386679853220129,0.10345577048467725,0.7807805902062573,0.8911774993451567,0.10410780265159748,0.781973609246172,0.8911774993451567,0.10410780265159748,0.781973609246172,0.8911774993451567,0.10410780265159748,0.781973609246172,0.0,0.8937334657000572,0.10736796348619865,0.775167746729542
54,0.2579881656804734,0.8287300415025641,0.3191489361702128,0.5743705558785386,0.8287300415025641,0.3191489361702128,0.5743705558785386,0.8287300415025641,0.3191489361702128,0.5743705558785386,1.9990667655343635,0.6492864709981353,0.5957446808510638,0.2121027335369673,0.022458628841607566,0.8316733859441372,0.3108747044917258,0.5850953729793031,0.8316733859441372,0.3108747044917258,0.5850953729793031,0.8316733859441372,0.3108747044917258,0.5850953729793031,25.768321513002363,218.0,58.37545547363169,439.9113475177304,4.0,6.778393619108969,176.69261361302284,5.153140516514768,117.6349487785658,4.0,1.0415777283622756,22.770839172096306,-0.9784712963069797,6.377068557919621,4.0,-0.22634128032982506,2.5921383276847254,23.52245862884161,199.0,0.7665561841837499,0.5449172576832151,0.27869634693062273,0.0,4.0,19.0,846.0,0.0,0.0,18.0,1.0,0.0,0.0,0.0,94.73684210526315,5.263157894736842,-0.7809324382806175,35.846040189125304,0.2544045720298823,6.168386543971383,-0.44165451580509285,87.88356973995272,0.49824273394603363,8.06136271270135,0.1641613631458576,178.1838061465721,0.789303136311914,31.682749869316492,0.8786505597009364,0.31678486997635935,0.5772957352598461,0.8786505597009364,0.31678486997635935,0.5772957352598461,0.8786505597009364,0.31678486997635935,0.5772957352598461,0.790527508168895,0.3132387706855792,0.5820719121901752,0.790527508168895,0.3132387706855792,0.5820719121901752,0.790527508168895,0.3132387706855792,0.5820719121901752,0.0,0.7865899875047911,0.3191489361702128,0.5741729817398842
60,0.3320664132826565,0.8518374275032152,0.2344,0.6484246032462648,0.8518374275032152,0.2344,0.6484246032462648,0.8518374275032152,0.2344,0.6484246032462648,1.5848792049207137,0.7114416755298753,0.4368,0.347272453618388,0.0082,0.8272095964258002,0.256,0.6159852384725669,0.8272095964258002,0.256,0.6159852384725669,0.8272095964258002,0.256,0.6159852384725669,33.839999999999996,1692.0,0.15060825997502159,3.322468,3.0,0.2720371073231119,2.0326737966079764,-0.19641749321969915,0.8994882,3.0,0.03546827362426717,1.27111559694555,-0.679051825631459,-0.025551999999999995,3.0,-0.27203078157249977,0.9764529543579722,33.06,1653.0,0.9551583436003329,0.1994,0.7014157624685423,0.0,3.0,41.0,5000.0,0.0,0.0,40.0,1.0,0.0,0.0,0.0,97.5609756097561,2.4390243902439024,-0.4849521099111871,-0.0009889999999999864,-0.024259506396659067,0.9996867717821261,-0.051227106165116165,0.031810999999999985,0.016415358784205282,1.0138703067658228,0.019352277802150986,2.00251,0.08459325201338166,1.6570866923837764,0.8952311179175413,0.253,0.6206011477340141,0.8952311179175413,0.253,0.6206011477340141,0.8952311179175413,0.253,0.6206011477340141,0.7811986553586545,0.2916,0.5625740518927583,0.7811986553586545,0.2916,0.5625740518927583,0.7811986553586545,0.2916,0.5625740518927583,0.0,0.8028402123068697,0.2628,0.6057966492715188
182,0.18743194898117904,0.9273091445992578,0.14836702954898912,0.8167814524247422,0.9273091445992578,0.14836702954898912,0.8167814524247422,0.9273091445992578,0.14836702954898912,0.8167814524247422,2.4833618760456604,0.710936921295261,0.563452566096423,0.26828644698090565,0.0057542768273716955,0.9197259342536087,0.14152410575427682,0.8249582236698434,0.9197259342536087,0.14152410575427682,0.8249582236698434,0.9197259342536087,0.14152410575427682,0.8249582236698434,23.81026438569207,1531.0,1.277985361665814,-0.00012632970451019481,6.0,0.91949549901627,1.0002882819750798,-0.15411688047872,-0.0005560885260065659,6.0,0.04046023385100257,1.0000219953862926,-0.9198282387807679,-0.000862968584758966,6.0,-0.6740118722728707,0.9996387437607501,9.720062208398133,625.0,0.9605992160078025,0.20326594090202177,0.7513714566665727,0.0,6.0,37.0,6430.0,0.0,0.0,36.0,1.0,0.0,0.0,0.0,97.2972972972973,2.7027027027027026,-0.8393811657498382,-0.0007437709953344221,-0.5170961259457099,0.9999476046671038,-0.4798469406404684,-0.0005980934681181398,-0.0399749828019159,1.0000052923046026,0.8509747335126359,-0.0003569454121306532,0.6744458273485395,1.0001949690399905,0.962333455035218,0.15349922239502334,0.8100028845003834,0.962333455035218,0.15349922239502334,0.8100028845003834,0.962333455035218,0.15349922239502334,0.8100028845003834,0.8991170554983932,0.16625194401244167,0.7945482122759002,0.8991170554983932,0.16625194401244167,0.7945482122759002,0.8991170554983932,0.16625194401244167,0.7945482122759002,0.0,0.9355091276480466,0.10762052877138413,0.8673837948848537
300,0.30002565418163163,0.9139778848716709,0.1945620110298833,0.7976556066502876,0.9139778848716709,0.1945620110298833,0.7976556066502876,0.9139778848716709,0.1945620110298833,0.7976556066502876,4.700438279876528,0.7284550798857298,0.9239451070924715,0.039082299586501265,0.07926125432858792,0.9188349245414863,0.18263434654354238,0.8100602384781619,0.9188349245414863,0.18263434654354238,0.8100602384781619,0.9188349245414863,0.18263434654354238,0.8100602384781619,3.8476337052712584,300.0,136.53558205054384,0.8118613569321528,26.0,10.771901703245778,0.9401132093590073,3.6056625652757637,0.06479603695807032,26.0,0.44206745255136376,0.4140807323633421,-1.4737498885033402,-0.9855127356675644,26.0,-2.367036228796073,0.054925852703404714,3.8219828139027827,298.0,0.9808943771196217,0.169167628575093,0.824065372368799,0.0,26.0,618.0,7797.0,0.0,0.0,617.0,1.0,0.0,0.0,0.0,99.83818770226537,0.16181229773462785,-0.7373204127841801,-0.1437013851481339,-0.5845181836345901,0.3400152292895469,-0.33016785936744597,0.20226894959599845,-0.08674343383154731,0.40596405388020085,0.36879569286451974,0.41744676157496474,0.505854095594404,0.4943557912221344,0.9534790861116854,0.22624086186995,0.7647093963693292,0.9534790861116854,0.22624086186995,0.7647093963693292,0.9534790861116854,0.22624086186995,0.7647093963693292,0.7985895253272975,0.38732845966397333,0.5971784318994164,0.7985895253272975,0.38732845966397333,0.5971784318994164,0.7985895253272975,0.38732845966397333,0.5971784318994164,0.0,0.9241334170882465,0.1442862639476722,0.8499423377242701
375,0.998293172690763,0.9313772552647366,0.1494829836361811,0.8306514044548622,0.9313772552647366,0.1494829836361811,0.8306514044548622,0.9313772552647366,0.1494829836361811,0.8306514044548622,3.132069248447984,0.6995060349463906,0.7398855536592711,0.1415848011503039,0.0015058729043268748,0.9355658139422663,0.13542816986246362,0.846626111250799,0.9355658139422663,0.13542816986246362,0.846626111250799,0.9355658139422663,0.13542816986246362,0.846626111250799,16.20319245055717,1614.0,3.795248193837544,20.364320851319977,9.0,1.6968856421615754,15.878836157411492,-0.03718575752002872,2.053272292418996,9.0,0.10983669969140136,1.7055517441171866,-0.8638008103013965,-0.5287156576648931,9.0,-0.3778450818905286,0.09799855892164572,7.850617407890774,782.0,0.9851171280023755,0.14255596827627748,0.8384303372856463,0.0,9.0,15.0,9961.0,0.0,0.0,14.0,1.0,0.0,0.0,0.0,93.33333333333333,6.666666666666667,-0.4827535427937151,-0.21397178523742594,-0.27264687767182605,0.15211050528196218,-0.22106090185246963,-0.03520136607770305,0.07469886495967731,0.22715601717489223,-0.1384411182035048,0.3734329478466017,0.2410532541165403,0.41269642879279056,0.9536005588376549,0.16373858046380885,0.8143941026682086,0.9536005588376549,0.16373858046380885,0.8143941026682086,0.9536005588376549,0.16373858046380885,0.8143941026682086,0.9089127672750837,0.1615299668707961,0.8169971694548026,0.9089127672750837,0.1615299668707961,0.8169971694548026,0.9089127672750837,0.1615299668707961,0.8169971694548026,0.0,0.989632407589842,0.018371649432787872,0.9791905174141027
458,0.9964285714285714,0.9388364704395656,0.08323424494649227,0.8785920221739185,0.9388364704395656,0.08323424494649227,0.8785920221739185,0.9388364704395656,0.08323424494649227,0.8785920221739185,1.787416049226166,0.7487063032184788,0.441141498216409,0.33926771420100804,0.08442330558858502,0.9389434559189358,0.08323424494649227,0.8786025372420279,0.9389434559189358,0.08323424494649227,0.8786025372420279,0.9389434559189358,0.08323424494649227,0.8786025372420279,37.69322235434007,317.0,21.231717234335743,77.36028537455405,4.0,4.087186736805094,31.071726420905673,2.359129460351526,10.125242058773567,4.0,1.1147021119329887,5.3565260839463535,-0.7902615862988753,0.4447086801426868,4.0,-0.040708920607288354,0.8045103166246655,6.539833531510107,55.0,0.9956073167321633,0.014268727705112961,0.9792228968124069,0.0,4.0,71.0,841.0,0.0,0.0,70.0,1.0,0.0,0.0,0.0,98.59154929577466,1.4084507042253522,0.3616781435065046,3.127229488703934,0.7038172484296433,2.520372968046287,1.4141229803280546,5.030915576694409,1.0322539044597914,3.902639766596527,2.442383650027078,11.93638525564807,1.339734579743372,6.2079341685674265,0.94584560250496,0.10582639714625446,0.8456546618688718,0.94584560250496,0.10582639714625446,0.8456546618688718,0.94584560250496,0.10582639714625446,0.8456546618688718,0.8864451921145452,0.15576694411414982,0.7726098137881784,0.8864451921145452,0.15576694411414982,0.7726098137881784,0.8864451921145452,0.15576694411414982,0.7726098137881784,0.0,0.9935472479387648,0.011890606420927468,0.9826989975293099
554,0.09564422348890698,0.9299296960617288,0.13245714285714286,0.8527729816031412,0.9299296960617288,0.13245714285714286,0.8527729816031412,0.9299296960617288,0.13245714285714286,0.8527729816031412,3.3198370254034137,0.6596630958148316,0.7950428571428572,0.11052914645302327,0.011214285714285715,0.932729475291536,0.1268,0.8590627479657593,0.932729475291536,0.1268,0.8590627479657593,0.932729475291536,0.1268,0.8590627479657593,11.252857142857142,7877.0,70000.00000000247,140.01505714285668,10.0,264.57513110807787,113.88629683929352,4894.714442707244,33.38596474125363,10.0,31.079435593429213,49.25570412611296,-1.8254292785726658,0.0,10.0,-0.23549660230998054,0.0,9.018571428571429,6313.0,0.937306319966156,0.30001428571428573,0.6663891986793616,0.0,10.0,785.0,70000.0,0.0,0.0,784.0,1.0,0.0,0.0,0.0,99.87261146496816,0.12738853503184713,-1.0297320016722729,0.12058214285714541,0.8744121903751375,4.670545729236738,16.22683706266253,7.196049999999809,4.134907396813174,36.765819161632194,623.0827644398202,69.33461785714294,23.939583112011796,100.84850801763852,0.9597205371114488,0.14168571428571428,0.8425153284961173,0.9597205371114488,0.14168571428571428,0.8425153284961173,0.9597205371114488,0.14168571428571428,0.8425153284961173,0.8806813200173884,0.2150142857142857,0.7610073553514332,0.8806813200173884,0.2150142857142857,0.7610073553514332,0.8806813200173884,0.2150142857142857,0.7610073553514332,0.0,0.9816188217574185,0.03307142857142857,0.9632397138736942
1038,0.500144216902221,0.8611461069258446,0.1502306805074971,0.6994458764772968,0.8611461069258446,0.1502306805074971,0.6994458764772968,0.8611461069258446,0.1502306805074971,0.6994458764772968,0.9997982272095376,0.7249898949238418,0.2773933102652826,0.44247634103666617,0.2799884659746251,0.8437939861905609,0.1580161476355248,0.683976848807869,0.8437939861905609,0.1580161476355248,0.683976848807869,0.8437939861905609,0.1580161476355248,0.683976848807869,50.83621683967705,1763.0,283.85704389098333,140.3959054209919,2.0,16.11757057203497,114.02526576465395,18.648491904927248,53.99496159288458,2.0,2.934278027047625,77.24975255804337,-1.8271452404955504,0.9319492502883504,2.0,-0.24460563300866744,12.220429305913912,49.16378316032296,1705.0,0.8235479035634048,0.23269896193771628,0.5334410927444443,1.0,2.0,971.0,3468.0,0.0,0.0,970.0,1.0,0.10298661174047373,0.0,0.0,99.89701338825952,0.10298661174047373,-1.5314782908367888,11.606040945790069,0.522212898605649,46.44028901938963,0.7989932681223733,46.79498269896199,1.5901640792497929,88.14108747652585,17.18703865432249,93.50454152249125,4.245759582416953,108.60678169158595,0.9001344016713714,0.1459054209919262,0.7081919724888877,0.9001344016713714,0.1459054209919262,0.7081919724888877,0.9001344016713714,0.1459054209919262,0.7081919724888877,0.7546886721680421,0.24509803921568626,0.5095248157681499,0.7546886721680421,0.24509803921568626,0.5095248157681499,0.7546886721680421,0.24509803921568626,0.5095248157681499,0.0,0.8100982562713849,0.18886966551326412,0.6214135334736877
1046,0.7130725681935152,0.9487463431444467,0.056481183660340946,0.8666354647527617,0.9487463431444467,0.056481183660340946,0.8666354647527617,0.9487463431444467,0.056481183660340946,0.8666354647527617,0.9134838311406803,0.8994176960934042,0.06555162431650048,0.8434656903703545,0.00038597619813444836,0.9471577854343123,0.057317465422965584,0.865841427679572,0.9471577854343123,0.057317465422965584,0.865841427679572,0.9471577854343123,0.057317465422965584,0.865841427679572,67.1405596654873,10437.0,53.590950174838504,676568.2015439087,2.0,5.892621234393996,585391.1495024165,9.97548065751711,221598.56303634783,2.0,1.4714719487731638,220055.54406718392,-1.9250814918850943,0.5678996461884805,2.0,-0.274164554996334,0.4953841184605772,32.859440334512705,5108.0,0.8283914088391722,0.31457060147957544,0.4004617644160084,1.0,2.0,6.0,15545.0,0.0,0.0,5.0,1.0,16.666666666666664,0.0,0.0,83.33333333333334,16.666666666666664,-1.5578760957638447,217.2915728530073,-0.1787991199473595,455.867937353985,-0.7974463474031417,2097.573560630681,0.6756672049543457,1151.8172588658424,26.895300913258183,552730.3292377013,3.5196453894030957,549107.0836011729,0.9538485433989626,0.0590543583145706,0.8621815044643241,0.9538485433989626,0.0590543583145706,0.8621815044643241,0.9538485433989626,0.0590543583145706,0.8621815044643241,0.9200748080232897,0.06954004503055645,0.8420434249559102,0.9200748080232897,0.06954004503055645,0.8420434249559102,0.9200748080232897,0.06954004503055645,0.8420434249559102,0.0,0.860730216403016,0.12370537150209071,0.7206608472775593
1049,0.7803706245710363,0.8296260533707867,0.1083676268861454,0.3020372547356171,0.8296260533707867,0.1083676268861454,0.3020372547356171,0.8296260533707867,0.1083676268861454,0.3020372547356171,0.5353247216329435,0.8338066186797752,0.12208504801097393,0.0,0.02606310013717421,0.7075732970505618,0.11179698216735254,0.4302366282275657,0.7075732970505618,0.11179698216735254,0.4302366282275657,0.7075732970505618,0.11179698216735254,0.4302366282275657,87.79149519890261,1280.0,771.6332888137742,19505.519540466397,2.0,25.48385197642493,62600.255064694364,105.0871480075218,583.4640334779226,2.0,6.450282232943059,1837.8290669668518,-1.5109530299949823,0.07064471879286696,2.0,-0.46393068881698063,0.11986237027041259,12.208504801097392,178.0,0.8191864300122533,0.16872427983539096,0.3008202984888418,1.0,2.0,38.0,1458.0,0.0,0.0,37.0,1.0,2.631578947368421,0.0,0.0,97.36842105263158,2.631578947368421,9.73606658084686,1.4681069958847743,2.8161318073942256,2.021356636772319,48.04994209767429,6.997256515775034,5.710990952498306,9.48740590701204,173.8806340260204,19.708847736625515,9.488261932499196,26.373775044950506,0.8679402212078651,0.1111111111111111,0.34952301218356824,0.8679402212078651,0.1111111111111111,0.34952301218356824,0.8679402212078651,0.1111111111111111,0.34952301218356824,0.6578322507022473,0.13786008230452676,0.32590363939992,0.6578322507022473,0.13786008230452676,0.32590363939992,0.6578322507022473,0.13786008230452676,0.32590363939992,0.0,0.6835147471910112,0.149519890260631,0.31895436040282854
1050,0.8143405889884763,0.49982181040627227,0.10236724248240563,0.0,0.49982181040627227,0.10236724248240563,0.0,0.49982181040627227,0.10236724248240563,0.0,0.47645497142532245,0.706029490377762,0.10236724248240563,0.0,0.02431222008957134,0.5312032252316464,0.11900191938579655,0.11805285894573345,0.5312032252316464,0.11900191938579655,0.11805285894573345,0.5312032252316464,0.11900191938579655,0.11805285894573345,89.76327575175944,1403.0,1039.3380068388667,34072.82269353807,2.0,30.488993517150185,358165.9357273063,238.95404585980833,1008.1458672684203,2.0,10.324325597699104,10334.503124329438,-1.4822370260657114,0.12455534229046707,2.0,-0.589505300437794,0.12943827711259495,10.236724248240563,160.0,0.6612727006474107,0.48240563019833654,0.06791219012186335,1.0,2.0,38.0,1563.0,0.0,0.0,37.0,1.0,2.631578947368421,0.0,0.0,97.36842105263158,2.631578947368421,9.984214976465344,1.441858605246321,2.6324202171107656,2.0583826025554854,144.273194565914,7.637875879718497,9.77747153876918,15.92828052824081,407.27382077070604,22.676583493282138,16.299723810564462,43.85840094500999,0.7485165716322167,0.11004478566858605,0.11065679522042118,0.7485165716322167,0.11004478566858605,0.11065679522042118,0.7485165716322167,0.11004478566858605,0.11065679522042118,0.5901193870277976,0.163787587971849,0.16861356637951447,0.5901193870277976,0.163787587971849,0.16861356637951447,0.5901193870277976,0.163787587971849,0.16861356637951447,0.0,0.6411105666429081,0.12284069097888675,0.25757770674794456
1063,0.9942418426103646,0.7286003828397702,0.1839080459770115,0.33953660015288495,0.7286003828397702,0.1839080459770115,0.33953660015288495,0.7286003828397702,0.1839080459770115,0.33953660015288495,0.7317786193052257,0.7307397815561311,0.19731800766283525,0.4008291171685203,0.0421455938697318,0.727902263258642,0.1839080459770115,0.3341305907677589,0.727902263258642,0.1839080459770115,0.3341305907677589,0.727902263258642,0.1839080459770115,0.3341305907677589,79.50191570881226,415.0,321.2559116074304,18542.991628352487,2.0,16.788705242312474,113271.21645142234,130.1084304346329,977.893699142492,2.0,8.953093281768092,5875.729587941182,1.99185469826576,0.18896551724137942,2.0,1.0464801419245156,0.27560890469343136,20.49808429118774,107.0,0.8144119500884621,0.17049808429118773,0.40927701345268663,1.0,2.0,22.0,522.0,0.0,0.0,21.0,1.0,4.545454545454546,0.0,0.0,95.45454545454545,4.545454545454546,43.9805869639595,3.048659003831412,5.476205868149483,6.512591752285926,139.5503968851246,9.735287356321844,10.083296475235246,21.942778727265353,199.21320016550885,47.31743295019163,12.276348915524732,116.69468060040823,0.777750253349848,0.15900383141762453,0.40732127711964095,0.777750253349848,0.15900383141762453,0.40732127711964095,0.777750253349848,0.15900383141762453,0.40732127711964095,0.6369102578538453,0.19348659003831417,0.3828053662990799,0.6369102578538453,0.19348659003831417,0.3828053662990799,0.6369102578538453,0.19348659003831417,0.3828053662990799,0.0,0.6620200427879742,0.19540229885057472,0.3877325728479107
1067,0.9990512333965844,0.7072599430889553,0.15647226173541964,0.2604340674054145,0.7072599430889553,0.15647226173541964,0.2604340674054145,0.7072599430889553,0.15647226173541964,0.2604340674054145,0.6211733422333798,0.7123747114018215,0.15457562825983878,0.0,0.010431484115694643,0.7030784952637211,0.15267899478425795,0.22302666956511774,0.7030784952637211,0.15267899478425795,0.22302666956511774,0.7030784952637211,0.15267899478425795,0.22302666956511774,84.54243717401611,1783.0,103.07904520134113,5242.386239924155,2.0,8.789034149895826,17444.98121137856,31.853391931073038,285.0969166158651,2.0,4.203178136828403,915.455014376506,1.2413950208681674,0.08673779042200101,2.0,1.1407658504141103,0.17550652636316466,15.457562825983878,326.0,0.7895503283577173,0.17449027975343764,0.3008403119099438,1.0,2.0,22.0,2109.0,0.0,0.0,21.0,1.0,4.545454545454546,0.0,0.0,95.45454545454545,4.545454545454546,12.284905644252186,1.7170222854433477,2.869811695669978,3.2305652323985976,22.422776708097334,7.631673779042244,3.7371013785570546,7.863645549059788,36.53033082841476,26.141894262683927,4.706421340727173,41.92522717121333,0.7649357084117553,0.14414414414414414,0.18493789806892894,0.7649357084117553,0.14414414414414414,0.18493789806892894,0.7649357084117553,0.14414414414414414,0.18493789806892894,0.6404083900780722,0.1763869132290185,0.3113191316041728,0.6404083900780722,0.1763869132290185,0.3113191316041728,0.6404083900780722,0.1763869132290185,0.3113191316041728,0.0,0.7470447488121043,0.1512565196775723,0.3504547881404616
1068,0.9981949458483754,0.7522337158965066,0.06762849413886383,0.10596240043855441,0.7522337158965066,0.06762849413886383,0.10596240043855441,0.7522337158965066,0.06762849413886383,0.10596240043855441,0.3638001053192342,0.7274111547367361,0.06943192064923355,0.0,0.019837691614066726,0.5655454042081949,0.07303877366997295,0.21232342186719078,0.5655454042081949,0.07303877366997295,0.21232342186719078,0.5655454042081949,0.07303877366997295,0.21232342186719078,93.05680793507665,1032.0,410.48838673995436,28822.882380522995,2.0,18.550221072780662,170643.60332778358,116.04528058633095,1500.9949675812618,2.0,8.008505554819505,8678.609588564534,13.730107138742545,0.12941388638412984,2.0,2.1722108126029522,0.1469519403318078,6.943192064923355,77.0,0.6869372008416716,0.11000901713255185,0.2147442222196429,1.0,2.0,22.0,1109.0,0.0,0.0,21.0,1.0,4.545454545454546,0.0,0.0,95.45454545454545,4.545454545454546,56.28845420032504,4.008746618575299,5.650796484562278,7.292111258862489,90.71651180753848,15.396266907123536,7.428331461257432,16.54067599865951,113.15687940288026,58.69765554553661,8.41665120804005,99.00596250867234,0.6945346320346321,0.07484220018034266,0.03050251203353649,0.6945346320346321,0.07484220018034266,0.03050251203353649,0.6945346320346321,0.07484220018034266,0.03050251203353649,0.6027572233967583,0.09918845807033363,0.21351574386878833,0.6027572233967583,0.09918845807033363,0.21351574386878833,0.6027572233967583,0.09918845807033363,0.21351574386878833,0.0,0.7022299406020337,0.07303877366997295,0.4099630196462237
1120,0.9999474210000526,0.8572921379124913,0.17697160883280758,0.5914141715321543,0.8572921379124913,0.17697160883280758,0.5914141715321543,0.8572921379124913,0.17697160883280758,0.5914141715321543,0.9355152445467361,0.7297272713693088,0.27581493165089377,0.42523478186335173,0.0006309148264984228,0.8519177470078234,0.15904311251314407,0.6385741021369216,0.8519177470078234,0.15904311251314407,0.6385741021369216,0.8519177470078234,0.15904311251314407,0.6385741021369216,64.83701366982125,12332.0,16.765406683786946,193.81802646687697,2.0,3.371627980775544,74.73178696313772,4.2731596123284605,30.677838007360673,2.0,0.6463449554867172,29.33458602526222,-0.5337036036008977,-4.331745157728721,2.0,-1.1230780552847428,0.11051079890195727,35.16298633017876,6688.0,0.7566647723171501,0.2732386961093586,0.3285481368790712,1.0,2.0,12.0,19020.0,0.0,0.0,11.0,1.0,8.333333333333332,0.0,0.0,91.66666666666666,8.333333333333332,-0.21475672018584502,0.2409587513144063,-0.17151941301349327,0.4001522733222914,2.699126116854708,6.685280888538376,0.5857915398743723,23.4655297287932,8.261585440584037,34.04681848974762,1.160043459148741,53.05160400659326,0.8736396474841971,0.15304942166140903,0.6509075862290208,0.8736396474841971,0.15304942166140903,0.6509075862290208,0.8736396474841971,0.15304942166140903,0.6509075862290208,0.7894630872418122,0.19106203995793902,0.5801171262317406,0.7894630872418122,0.19106203995793902,0.5801171262317406,0.7894630872418122,0.19106203995793902,0.5801171262317406,0.0,0.772223037674188,0.1967402733964248,0.5577522117347957
1459,0.9982382304003132,0.9059441112542227,0.41612840086122527,0.5345331746656256,0.9059441112542227,0.41612840086122527,0.5345331746656256,0.9059441112542227,0.41612840086122527,0.5345331746656256,3.284826011062924,0.595130735282096,0.826580544137796,0.07636718614547375,0.0007829320806420043,0.9265818933387849,0.30407124681933845,0.660558659944214,0.9265818933387849,0.30407124681933845,0.660558659944214,0.9265818933387849,0.30407124681933845,0.660558659944214,13.857897827363477,1416.0,1.2503558717877254,40.46352319436287,10.0,1.4157476325672549,14.178974105774868,-0.03922173626081931,15.677500209713987,10.0,0.6738720824506701,9.504522285963239,-0.5477487171323054,2.2227441769426517,10.0,0.19900180105948925,1.7196318285176377,5.871990604815033,600.0,0.7677179327332979,0.7031708749266001,0.22343509112823853,0.0,10.0,8.0,10218.0,0.0,0.0,7.0,1.0,0.0,0.0,0.0,87.5,12.5,-0.5335821934074398,6.061460168330399,0.348123775480626,7.795727793517785,-0.22758096976949904,15.246036406342014,0.7106609244936721,9.730990564339642,0.25628960456021055,21.029359953024056,0.7949329609978085,13.10011887786818,0.9396345065655836,0.3539831669602662,0.604785222133906,0.9396345065655836,0.3539831669602662,0.604785222133906,0.9396345065655836,0.3539831669602662,0.604785222133906,0.8822326118159725,0.21403405754550792,0.7608496850207439,0.8822326118159725,0.21403405754550792,0.7608496850207439,0.8822326118159725,0.21403405754550792,0.7608496850207439,0.0,0.870539643653166,0.21462125660598944,0.7603066926069706
1462,0.9992706053975201,0.8344961490469428,0.19314868804664723,0.6220644978877691,0.9528828363667657,0.12463556851311954,0.7466787022320504,0.9382578202314874,0.061224489795918366,0.8763125584909549,0.9911281257467461,0.8344961490469428,0.19314868804664723,0.6220644978877691,0.0036443148688046646,0.9854814767006583,0.021137026239067054,0.9571796328821847,0.9854814767006583,0.021137026239067054,0.9571796328821847,0.9854814767006583,0.021137026239067054,0.9571796328821847,55.539358600583085,762.0,1.2704759156366023,1.9223531209912545,2.0,1.0885685435217796,5.8690467435803795,0.14479469144119225,0.6405147434402338,2.0,-0.1192914188861707,3.7807131392201496,-0.7515813814324717,-1.1916565211370262,2.0,-1.022243043654092,2.101013136739067,44.460641399416915,610.0,0.9396067294866831,0.1588921282798834,0.6763618735987396,1.0,2.0,5.0,1372.0,0.0,0.0,4.0,1.0,20.0,0.0,0.0,80.0,20.0,-0.6729889170841984,-0.785308576530612,-0.8652081513981438,2.2864504991155923,0.030142115780319223,0.9156811869533534,-0.27174558770618523,3.576396338280576,1.077230875627456,1.79117161989796,0.7790794824458168,5.47929258026428,0.8344961490469428,0.19314868804664723,0.6220644978877691,0.9101996471752506,0.11443148688046648,0.7692363729859445,0.9400972419431177,0.07434402332361516,0.8515038072681896,0.8148164881029215,0.22448979591836735,0.5620538416256953,0.9330450496966567,0.09912536443148688,0.8005251139599922,0.9764080719418269,0.0663265306122449,0.8674539679304253,0.0,0.9986876640419947,0.0014577259475218659,0.9970492846881102
1464,0.7309236947791165,0.635053222945003,0.24197860962566844,0.02063078703703703,0.635053222945003,0.24197860962566844,0.02063078703703703,0.635053222945003,0.24197860962566844,0.02063078703703703,0.7916446298452329,0.6777646363098758,0.23796791443850268,0.0,0.0066844919786096255,0.6960230632761679,0.22459893048128343,0.32603938730853393,0.6960230632761679,0.22459893048128343,0.32603938730853393,0.6960230632761679,0.22459893048128343,0.32603938730853393,76.20320855614973,570.0,15.876151978542005,1378.6764705882335,2.0,3.2112654741848643,1459.826780772504,10.224505250350347,356.99498663101565,2.0,2.263111192925173,374.5345494748768,-0.24563117940242574,5.514705882352952,2.0,0.7494502906271294,5.8393071230900295,23.796791443850267,178.0,0.6667800118273212,0.2446524064171123,0.14966206142530555,1.0,2.0,5.0,748.0,0.0,0.0,4.0,1.0,20.0,0.0,0.0,80.0,20.0,2.1636136713782106,6.512700534759367,1.0322036011463176,6.403329251142325,12.633750101130904,21.89438502673798,2.5458645034443492,16.23605500195668,15.876151978541927,1042.5778743315495,3.2112654741848523,1100.9642641715316,0.7011186674551547,0.23796791443850268,0.17490456596103332,0.7011186674551547,0.23796791443850268,0.17490456596103332,0.7011186674551547,0.23796791443850268,0.17490456596103332,0.5678050463236743,0.2874331550802139,0.13567374666781304,0.5678050463236743,0.2874331550802139,0.13567374666781304,0.5678050463236743,0.2874331550802139,0.13567374666781304,0.0,0.6044253893159865,0.28609625668449196,0.1486618729523889
1466,0.608,1.0,0.0,1.0,1.0,0.0,1.0,1.0,0.0,1.0,2.913356388291818,0.7485295930913216,0.5470366886171214,0.3113833476253326,0.016933207902163686,1.0,0.0,1.0,1.0,0.0,1.0,1.0,0.0,1.0,27.234242709313268,579.0,299.424142474498,1702.8772342427199,10.0,17.353456855397386,930.9191427472309,17.740298317226827,106.21290686735664,10.0,2.3921903484660683,60.498825891828325,-1.366059123889928,0.003292568203198574,10.0,-0.9951778449153776,0.05729983891806734,2.4929444967074317,53.0,0.9908529474783377,0.03574788334901223,0.957441024938628,0.0,10.0,36.0,2126.0,0.0,0.0,35.0,1.0,0.0,0.0,0.0,97.22222222222221,2.7777777777777777,-0.2929429110746722,0.1260583254938842,0.1157840211415989,0.3630940765072632,3.009530512809004,3.6599247412981826,1.657339203791835,2.9493856218635988,15.131589261833621,93.57949200376298,3.920287371319253,17.19281371857165,0.9987309209662324,0.0051740357478833494,0.9938358879631914,0.9987309209662324,0.0051740357478833494,0.9938358879631914,0.9987309209662324,0.0051740357478833494,0.9938358879631914,0.9721863455741424,0.045625587958607716,0.9455346908591501,0.9721863455741424,0.045625587958607716,0.9455346908591501,0.9721863455741424,0.045625587958607716,0.9455346908591501,0.0,1.0,0.0,1.0
1467,0.8385899814471243,0.7504180602006689,0.08518518518518518,0.0,0.7977248723816229,0.12407407407407407,0.19599999999999984,0.629180602006689,0.12777777777777777,0.21867136386512342,0.42019103708517647,0.7504180602006689,0.08518518518518518,0.0,0.03888888888888889,0.5,0.08518518518518518,0.0,0.5,0.08518518518518518,0.0,0.5,0.08518518518518518,0.0,91.48148148148148,494.0,-1.1986607611256725,270.5,2.0,0.0012744626927465666,156.02884348735012,-1.2151730419773643,18.575018532685185,2.0,2.9030687163888838e-05,10.68834999351379,-1.5027881040892246,0.49991312962962964,2.0,-0.0008327136643549017,0.28881336863616464,8.518518518518519,46.0,0.8509945432142227,0.11296296296296296,0.29603351000171013,1.0,2.0,21.0,540.0,0.0,0.0,20.0,1.0,4.761904761904762,0.0,0.0,95.23809523809523,4.761904761904762,-1.2003522090294787,0.4999884736111111,-0.0005153759173966274,0.2888720329245821,-1.2000380490180411,0.5000378435185185,-4.740482397644439e-07,0.2889571904508761,-1.199550675223653,0.5001074129629629,0.00022432368868179764,0.28905349227630434,0.5,0.08518518518518518,0.0,0.5,0.08518518518518518,0.0,0.5,0.08518518518518518,0.0,0.6632855131138884,0.08518518518518518,0.0,0.7119785249075867,0.08518518518518518,0.0,0.7518482661503256,0.09444444444444444,0.015584786960251526,0.0,0.5168984333744059,0.14444444444444443,0.035184167124793705
1468,0.0,0.9610865162037038,0.1935185185185185,0.7822916666666667,0.9610865162037038,0.1935185185185185,0.7822916666666667,0.9610865162037038,0.1935185185185185,0.7822916666666667,3.169925001442312,0.6548924575617284,0.8111111111111111,0.08750000000000001,0.7935185185185185,0.9595216049382715,0.13703703703703704,0.8458333333333333,0.9595216049382715,0.13703703703703704,0.8458333333333333,0.9595216049382715,0.13703703703703704,0.8458333333333333,11.11111111111111,120.0,1080.000000000071,0.43703703703703717,9.0,32.8633534503123,0.6177168929917766,636.4605777891991,0.008213265835929394,9.0,23.162381936883794,0.06570782004442138,-1.2594168339817067,0.0009259259259259213,9.0,0.6326488459305618,0.03042903097250871,11.11111111111111,120.0,0.9858796296296296,0.08333333333333333,0.9062500000000001,0.0,9.0,857.0,1080.0,0.0,0.0,856.0,1.0,0.0,0.0,0.0,99.88331388564761,0.11668611435239205,211.99036707099788,0.000925925925925934,14.614985291676152,0.030429030972508955,537.4925736865786,0.001851851851851852,23.20554284633016,0.04301320245082162,1080.0000000000284,0.004629629629629657,32.863353450311216,0.07436270270712358,0.9466849922839506,0.22962962962962963,0.7416666666666667,0.9466849922839506,0.22962962962962963,0.7416666666666667,0.9466849922839506,0.22962962962962963,0.7416666666666667,0.8760416666666667,0.22037037037037038,0.7520833333333333,0.8760416666666667,0.22037037037037038,0.7520833333333333,0.8760416666666667,0.22037037037037038,0.7520833333333333,0.0,0.9059167631172839,0.18888888888888888,0.7875
1471,0.9984645169904534,0.815562880843502,0.22923898531375167,0.5343988170412974,0.815562880843502,0.22923898531375167,0.5343988170412974,0.815562880843502,0.22923898531375167,0.5343988170412974,0.992422373387609,0.5730896889672722,0.41141522029372496,0.12923993775163797,0.0010013351134846463,0.8271933877278838,0.1863818424566088,0.6230255040333611,0.8271933877278838,0.1863818424566088,0.6230255040333611,0.8271933877278838,0.1863818424566088,0.6230255040333611,55.12016021361815,8257.0,14979.178735371073,4644.02237917223,2.0,122.38777688436316,5891.2850425236575,8904.72190163755,4316.882028546157,2.0,71.73726620900297,1767.2884824189532,2056.5210594418404,4009.767693591455,2.0,-13.615160740498586,29.292603201776053,44.879839786381844,6723.0,0.5441157198060068,0.4634846461949266,0.11130397334752887,1.0,2.0,15.0,14980.0,0.0,0.0,14.0,1.0,6.666666666666667,0.0,0.0,93.33333333333333,6.666666666666667,2713.5598368066608,4193.079256508679,22.475026893669664,37.98467230942155,9352.695219763142,4271.6276034712955,84.61113200877784,627.1558153704191,14971.654606997874,4466.12820822263,122.34170603745707,3343.823788627256,0.8585707193015194,0.19072096128170896,0.6126693923072585,0.8585707193015194,0.19072096128170896,0.6126693923072585,0.8585707193015194,0.19072096128170896,0.6126693923072585,0.8092130970110125,0.18845126835781043,0.6188451689674707,0.8092130970110125,0.18845126835781043,0.6188451689674707,0.8092130970110125,0.18845126835781043,0.6188451689674707,0.0,0.8331954978013598,0.16355140186915887,0.6684228094245078
1475,0.3678273663560569,0.7090827191037619,0.4851258581235698,0.346242749551416,0.7090827191037619,0.4851258581235698,0.346242749551416,0.7090827191037619,0.4851258581235698,0.346242749551416,2.3000070580673455,0.5958041430205936,0.582543314808761,0.0,0.008499509643674403,0.7129106639983,0.465675057208238,0.375395542857667,0.7129106639983,0.465675057208238,0.375395542857667,0.7129106639983,0.465675057208238,0.375395542857667,41.745668519123896,2554.0,2944.6525317078385,0.052954623733246275,6.0,53.784844915558836,1.5063662920278478,228.1908672595734,-0.0005510331198841205,6.0,7.440976027873651,0.9916438519187979,-0.971971602375862,-0.04091056701536289,6.0,-1.875764427110436,0.8394622129143448,7.943772474664923,486.0,0.620496665896741,0.8345864661654135,0.05473977746349635,0.0,6.0,52.0,6118.0,0.0,0.0,51.0,1.0,0.0,0.0,0.0,98.07692307692307,1.9230769230769231,1.3326773975344213,-0.0081597994442654,1.3330441633458074,0.9727856745152441,15.286501444565163,-0.002469232265446736,3.1426279908840025,0.99719270235299,137.49118065052153,0.002845900948022519,10.454373740045988,1.0036680416341404,0.7474597786162569,0.5052304674730304,0.3022006426588284,0.7474597786162569,0.5052304674730304,0.3022006426588284,0.7474597786162569,0.5052304674730304,0.3022006426588284,0.6943273232081051,0.4870872834259562,0.3568830760926545,0.6943273232081051,0.4870872834259562,0.3568830760926545,0.6943273232081051,0.4870872834259562,0.3568830760926545,0.0,0.716082344973639,0.4635501797973194,0.3867635866819356
1476,0.5919907973254727,0.9747942011080418,0.052839683680805175,0.935910520847932,0.9747942011080418,0.052839683680805175,0.935910520847932,0.9747942011080418,0.052839683680805175,0.935910520847932,2.5456958326360266,0.7139829337889636,0.611214953271028,0.22204231402120372,0.009273903666427032,0.983146446084837,0.033285406182602444,0.9596134773881897,0.983146446084837,0.033285406182602444,0.9596134773881897,0.983146446084837,0.033285406182602444,0.9596134773881897,21.63191948238677,3009.0,13909.092980810754,57340.104585320005,6.0,117.93489594364833,69844.78595155025,1037.1486781860235,2791.4633316684453,6.0,4.620309058926347,2729.3079146825166,-0.07402877055662538,-72.75395134054637,6.0,-87.65387396805843,0.5286604730352197,11.79726815240834,1641.0,0.8353551523547077,0.42796549245147375,0.48985470349964705,0.0,6.0,129.0,13910.0,0.0,0.0,128.0,1.0,0.0,0.0,0.0,99.2248062015504,0.7751937984496124,4.228135337084389,-4.771869612401149,-2.286741871062731,4.358735437181544,10.323210247482407,5.368967517361611,1.2954661137029462,9.633951814084242,80.89024767998738,15.18528749746585,2.5410756541344366,24.787579044155414,0.9872344542255066,0.04155283968368081,0.9495899897257999,0.9872344542255066,0.04155283968368081,0.9495899897257999,0.9872344542255066,0.04155283968368081,0.9495899897257999,0.9755633794731409,0.04083393242271747,0.9504678663505315,0.9755633794731409,0.04083393242271747,0.9504678663505315,0.9755633794731409,0.04083393242271747,0.9504678663505315,0.0,0.9964145330334353,0.005895039539899353,0.9928480727740667
1478,0.9612546125461254,0.9682595475295169,0.07272550733080882,0.9125203320075214,0.9682595475295169,0.07272550733080882,0.9125203320075214,0.9682595475295169,0.07272550733080882,0.9125203320075214,2.575922876294277,0.7973312056354189,0.644334401398194,0.21521262084446727,0.05456840469948539,0.9642337528505573,0.06990969997087096,0.9159032915070736,0.9642337528505573,0.06990969997087096,0.9159032915070736,0.9642337528505573,0.06990969997087096,0.9159032915070736,18.87561899213516,1944.0,373.42928228206466,0.8302754956791922,6.0,14.029483769964823,0.7494800592617996,13.662956850925584,-0.508620217585114,6.0,1.6370975866256592,0.2792315145321125,-1.84735338612056,-0.9845489552383727,6.0,-3.490402092260489,0.03712816435011012,13.651810855422857,1406.0,0.9584285762566731,0.25138362947859016,0.6984037726427255,0.0,6.0,562.0,10299.0,0.0,0.0,561.0,1.0,0.0,0.0,0.0,99.8220640569395,0.1779359430604982,-0.269332639174376,-0.8685016383143995,0.15452664688591056,0.1888926653502636,0.5868977420794415,-0.660284334498495,0.8690285490639719,0.26311639943893306,8.90467898653428,-0.10336787090979707,2.415984753564313,0.3572807368500376,0.9873116120261966,0.07952228371686572,0.9043636136954779,0.9873116120261966,0.07952228371686572,0.9043636136954779,0.9873116120261966,0.07952228371686572,0.9043636136954779,0.9110238047800038,0.1479755316050102,0.8220355956111729,0.9110238047800038,0.1479755316050102,0.8220355956111729,0.9110238047800038,0.1479755316050102,0.8220355956111729,0.0,0.9748721519915736,0.04223711039906787,0.9491895793104511
1479,0.509496284062758,0.5,0.5,0.0,0.5,0.5,0.0,0.5,0.5,0.0,1.0,0.5118738358984414,0.49257425742574257,0.014851485148514865,0.08333333333333333,0.5,0.5,0.0,0.5,0.5,0.0,0.5,0.5,0.0,50.0,606.0,11.469108762047652,8315.012442244224,2.0,3.1683960782890757,18604.50732991915,9.587345867784956,8174.051207590759,2.0,3.004676288304383,18000.312937840914,8.821395553031167,8089.071014851485,2.0,2.921028726972854,17668.983863521797,50.0,606.0,0.5140686098312802,0.485973597359736,0.028052805280528004,1.0,2.0,101.0,1212.0,0.0,0.0,100.0,1.0,0.9900990099009901,0.0,0.0,99.00990099009901,0.9900990099009901,9.215585495470773,8140.36787128713,2.969336139354732,17868.730202868283,9.460293755502239,8169.533242574258,2.997615979012143,17981.702160501838,9.907348386013412,8198.979294554456,3.0343913226514525,18115.644855398627,0.5291161541896764,0.47194719471947194,0.05610561056105601,0.5291161541896764,0.47194719471947194,0.05610561056105601,0.5291161541896764,0.47194719471947194,0.05610561056105601,0.5396039603960396,0.4603960396039604,0.07920792079207928,0.5396039603960396,0.4603960396039604,0.07920792079207928,0.5396039603960396,0.4603960396039604,0.07920792079207928,0.0,0.5478547854785478,0.4521452145214521,0.09570957095709565
1485,0.510580992689496,0.7580103550295858,0.2923076923076923,0.41538461538461546,0.7580103550295858,0.2923076923076923,0.41538461538461546,0.7580103550295858,0.2923076923076923,0.41538461538461546,1.0,0.6177597633136095,0.38461538461538464,0.23076923076923084,0.1926923076923077,0.6231816568047337,0.3811538461538462,0.23769230769230765,0.6231816568047337,0.3811538461538462,0.23769230769230765,0.6231816568047337,0.3811538461538462,0.23769230769230765,50.0,1300.0,0.5734776935095001,517.7488461538462,2.0,0.17175350207412882,133.64132156388845,0.08333149342441178,488.06103384615386,2.0,0.03294974368985296,24.752039667546956,-0.9638894528844495,475.7761538461538,2.0,-0.1191488199631622,0.5957395278041628,50.0,1300.0,0.6307242603550296,0.4096153846153846,0.1807692307692308,1.0,2.0,501.0,2600.0,0.0,0.0,500.0,1.0,0.19960079840319359,0.0,0.0,99.8003992015968,0.19960079840319359,0.025813301496947494,480.0515384615385,-0.0028560986952541625,11.6646922771091,0.09616220991881574,485.0065384615385,0.033266109127179554,23.362744675075838,0.18066052758865603,494.3944230769231,0.07116066518483971,35.6207158558933,0.7239408284023668,0.30346153846153845,0.3930769230769231,0.7239408284023668,0.30346153846153845,0.3930769230769231,0.7239408284023668,0.30346153846153845,0.3930769230769231,0.5111538461538462,0.4888461538461538,0.02230769230769236,0.5111538461538462,0.4888461538461538,0.02230769230769236,0.5111538461538462,0.4888461538461538,0.02230769230769236,0.0,0.5426923076923077,0.4573076923076923,0.08538461538461539
1487,0.9155151993683379,0.7327664279696714,0.06314127861089187,0.0,0.8579034669356066,0.2490134175217048,0.20648153018980478,0.6374526116259478,0.0840568271507498,0.27471774377773167,0.3397904253160801,0.7327664279696714,0.06314127861089187,0.0,0.028808208366219414,0.5,0.06314127861089187,0.0,0.5,0.06314127861089187,0.0,0.5,0.06314127861089187,0.0,93.68587213891081,2374.0,77.65898710476209,10164.198441985003,2.0,7.37646091154844,77.4101100876053,1.4930547521290494,296.494606499841,2.0,0.08595601481421308,7.570160866371553,-0.9765331961089503,-10.511409688239937,2.0,-1.3083589753871372,0.24285789396290183,6.3141278610891876,160.0,0.8217510278493866,0.30386740331491713,0.16475175167633535,1.0,2.0,73.0,2534.0,0.0,0.0,72.0,1.0,1.36986301369863,0.0,0.0,98.63013698630137,1.36986301369863,-0.260168431307105,1.8374475797158643,-0.6536046299943934,1.1660936206969923,0.2058839276126998,4.815862994080504,0.0471494119269262,6.228337109415218,1.0593317075159525,20.78420038506314,0.5116487297426875,7.043592907600336,0.5,0.06314127861089187,0.0,0.5,0.06314127861089187,0.0,0.5,0.06314127861089187,0.0,0.6752435235888795,0.06314127861089187,0.0,0.7445108466722831,0.06314127861089187,0.0,0.7811354780960404,0.06393054459352802,0.009143221271747803,0.0,0.6566870261162595,0.07971586424625099,0.31421390253967035
1489,0.5918933925596891,0.8550177462963318,0.1815321983715766,0.5579430305860378,0.8550177462963318,0.1815321983715766,0.5579430305860378,0.8550177462963318,0.1815321983715766,0.5579430305860378,0.8731822577241406,0.7404866739285669,0.24740932642487046,0.4488154160690855,0.0011102886750555144,0.8678687005272036,0.16894892672094744,0.5893493980716988,0.8678687005272036,0.16894892672094744,0.5893493980716988,0.8678687005272036,0.16894892672094744,0.5893493980716988,70.65136935603256,3818.0,1.7651174033134938,6.1065877123851385e-09,2.0,1.482393052784835,1.0000000160707985,0.33974898860956887,-1.2287194680574282e-08,2.0,0.7794652586095029,1.000000004616722,-0.8572834809909309,-6.698741675291565e-08,2.0,0.2094948505005711,0.9999999984765442,29.348630643967432,1586.0,0.8173487304115306,0.24037749814951886,0.46338464605596114,1.0,2.0,6.0,5404.0,0.0,0.0,5.0,1.0,16.666666666666664,0.0,0.0,83.33333333333334,16.666666666666664,-0.6590595801379302,-3.821243527730011e-08,0.34288338170102217,0.9999999997309185,-0.3066496518690336,3.3308660617082098e-09,0.4842310006900062,1.000000003087631,1.6617568775963694,5.829015545010302e-09,1.363664264477732,1.000000010267071,0.8756328290298097,0.1659881569207994,0.5893753379948957,0.8756328290298097,0.1659881569207994,0.5893753379948957,0.8756328290298097,0.1659881569207994,0.5893753379948957,0.8065602505421655,0.15562546262028126,0.6203230053600308,0.8065602505421655,0.15562546262028126,0.6203230053600308,0.8065602505421655,0.15562546262028126,0.6203230053600308,0.0,0.8367145868412517,0.12675795706883788,0.6877227093332758
1491,0.9380863039399625,0.7273056739267676,0.585625,0.40845959595959597,0.7273056739267676,0.585625,0.40845959595959597,0.7273056739267676,0.585625,0.40845959595959597,6.6438561897747395,0.724642321654041,0.980625,0.00946969696969697,0.040625,0.7233134075126263,0.584375,0.40972222222222227,0.7233134075126263,0.584375,0.40972222222222227,0.7233134075126263,0.584375,0.40972222222222227,1.0,16.0,182.36839909470885,0.04125859062499997,100.0,12.44911358319005,0.05157053598823413,10.54711252941818,0.015624954072265626,100.0,2.2227721543045185,0.016837869171837255,-0.16792636276857564,0.0001550274999999995,100.0,0.6879918937288566,0.001498240814740962,1.0,16.0,0.9924457465277778,0.20875,0.7891414141414141,0.0,100.0,65.0,1600.0,0.0,0.0,64.0,1.0,0.0,0.0,0.0,98.46153846153847,1.5384615384615385,1.2351503468394722,0.008621472343749994,1.1561920812267674,0.011013148278715515,3.2723448709374185,0.0150664865625,1.7601530954303022,0.015704424271559127,8.328335392553285,0.020371971875,2.7222833333195853,0.021279227540537064,0.7966901436237377,0.663125,0.3301767676767676,0.7966901436237377,0.663125,0.3301767676767676,0.7966901436237377,0.663125,0.3301767676767676,0.6669823232323233,0.659375,0.33396464646464646,0.6669823232323233,0.659375,0.33396464646464646,0.6669823232323233,0.659375,0.33396464646464646,0.0,0.8573232323232325,0.2825,0.7146464646464646
1492,0.9380863039399625,0.7275501104797981,0.615625,0.3781565656565657,0.7275501104797981,0.615625,0.3781565656565657,0.7275501104797981,0.615625,0.3781565656565657,6.6438561897747395,0.7276424400252526,0.98,0.010101010101010102,0.040625,0.7332368607954547,0.598125,0.3958333333333333,0.7332368607954547,0.598125,0.3958333333333333,0.7332368607954547,0.598125,0.3958333333333333,1.0,16.0,8.411753128946941,0.000736605625,100.0,2.3068271186312304,0.00038282935669884765,3.803355927726974,0.00060469328125,100.0,1.3909364214830489,0.00029219977471656026,-0.11698359065734643,0.000540908125,100.0,0.29007525811861257,0.00023816167134437338,1.0,16.0,0.9689086174242424,0.48125,0.513888888888889,0.0,100.0,65.0,1600.0,0.0,0.0,64.0,1.0,0.0,0.0,0.0,98.46153846153847,1.5384615384615385,1.1689363806809192,0.0005490695312500001,0.6220943636104286,0.00025198129548325524,4.277258959679858,0.0005844118749999999,1.7115279097069884,0.0002713343136228737,5.530759957508209,0.0006456068749999999,2.0143416144404758,0.0003338679644224442,0.8144300426136363,0.679375,0.31376262626262624,0.8144300426136363,0.679375,0.31376262626262624,0.8144300426136363,0.679375,0.31376262626262624,0.6843434343434347,0.625,0.3686868686868687,0.6843434343434347,0.625,0.3686868686868687,0.6843434343434347,0.625,0.3686868686868687,0.0,0.800189393939394,0.395625,0.6003787878787878
1493,0.9380475594493116,0.7271907474036037,0.5847404627892433,0.40935283687943264,0.7271907474036037,0.5847404627892433,0.40935283687943264,0.7271907474036037,0.5847404627892433,0.40935283687943264,6.643827670050616,0.6972183197396207,0.981863664790494,0.008380318575345842,0.04065040650406504,0.7422623668882508,0.5434646654158849,0.4510451440603975,0.7422623668882508,0.5434646654158849,0.4510451440603975,0.7422623668882508,0.5434646654158849,0.4510451440603975,1.0006253908692933,16.0,119.52655818605174,0.03681690869293309,100.0,8.900152680588947,0.07377807416437569,15.691933328201879,0.01562502199616948,100.0,3.1430156657780963,0.026961524921387446,0.9751113331392718,0.0026365434646654093,100.0,0.9591721289897117,0.010187092466848744,0.9380863039399625,15.0,0.9710274334819813,0.3252032520325203,0.6715116083834308,0.0,100.0,65.0,1599.0,0.0,0.0,64.0,1.0,0.0,0.0,0.0,98.46153846153847,1.5384615384615385,6.342906477749098,0.010456374452782984,2.246979806926051,0.01599383999684008,11.292757899130006,0.015445169480925575,2.8558125829937655,0.022659275414959663,16.024419065032323,0.020680413852407736,3.5530418447162666,0.03275762088663299,0.7928013225615991,0.6554096310193871,0.33797399543624335,0.7928013225615991,0.6554096310193871,0.33797399543624335,0.7928013225615991,0.6554096310193871,0.33797399543624335,0.6869901239176356,0.6197623514696685,0.37397841450642516,0.6869901239176356,0.6197623514696685,0.37397841450642516,0.6869901239176356,0.6197623514696685,0.37397841450642516,0.0,0.8758306842303345,0.24390243902439024,0.7536339009486681
1494,0.9971537001897534,0.8231763675234284,0.1848341232227488,0.5752212937554587,0.8231763675234284,0.1848341232227488,0.5752212937554587,0.8231763675234284,0.1848341232227488,0.5752212937554587,0.9223486063040569,0.7579969780263941,0.2909952606635071,0.4228120104857407,0.03981042654028436,0.83374322868946,0.16966824644549763,0.6128170483924871,0.83374322868946,0.16966824644549763,0.6128170483924871,0.83374322868946,0.16966824644549763,0.6128170483924871,66.25592417061611,699.0,812.724026378075,37.05563981042654,2.0,26.8459832401498,11.895889198588367,44.71323748559371,2.6835215743844643,2.0,3.7986392200533,1.59439601555547,-0.22188039038879026,-0.19712890995260657,2.0,-1.7621976606259557,0.030142956511920223,33.74407582938389,356.0,0.8904384451904659,0.24265402843601896,0.5172211616150783,1.0,2.0,42.0,1055.0,0.0,0.0,41.0,1.0,2.380952380952381,0.0,0.0,97.61904761904762,2.380952380952381,3.3827125097328232,0.1018957345971567,1.4117810033993186,0.24107082602380436,11.774168018977946,1.1311061611374407,2.6154182195603193,0.8313081690630236,46.88794675069531,2.6133805687203795,5.71301396137191,2.030064187689424,0.8412017167381973,0.18672985781990523,0.5583532196748343,0.8412017167381973,0.18672985781990523,0.5583532196748343,0.8412017167381973,0.18672985781990523,0.5583532196748343,0.7736352895790134,0.21137440758293838,0.536546928403282,0.7736352895790134,0.21137440758293838,0.536546928403282,0.7736352895790134,0.21137440758293838,0.536546928403282,0.0,0.8175342785038016,0.17725118483412322,0.6087206592556598
1497,0.9275893675527039,0.9918903688485482,0.012280058651026392,0.9814756050433104,0.9918903688485482,0.012280058651026392,0.9814756050433104,0.9918903688485482,0.012280058651026392,0.9814756050433104,1.714632742265977,0.7815892099040225,0.30113636363636365,0.49953829515121695,0.004582111436950147,0.9958751358011338,0.008797653958944282,0.9867161146745522,0.9958751358011338,0.008797653958944282,0.9867161146745522,0.9958751358011338,0.008797653958944282,0.9867161146745522,40.41422287390029,2205.0,14.349591863774762,3.3511130865102645,4.0,3.8301415530945007,1.715434632486698,2.3688224584697655,2.0457923463465297,4.0,1.522257637806473,1.2512399704111532,-1.6045954541834069,0.9102730938416421,4.0,0.017563948445031872,0.802801137115973,6.011730205278592,328.0,0.7851146087594565,0.4741568914956012,0.35887995292075464,0.0,4.0,25.0,5456.0,0.0,0.0,24.0,1.0,0.0,0.0,0.0,96.0,4.0,-0.96764411879064,1.2694878115835777,0.7235806675034439,1.1190402725446185,-0.07701671670886245,2.1581315065982407,1.1760736714534508,1.287011259552107,5.982887394313815,2.734725394061584,2.5364207592298973,1.40088287461987,0.9970299294602991,0.009897360703812317,0.9850543933156274,0.9970299294602991,0.009897360703812317,0.9850543933156274,0.9970299294602991,0.009897360703812317,0.9850543933156274,0.9820594724584033,0.025109970674486802,0.9621173077579006,0.9820594724584033,0.025109970674486802,0.9621173077579006,0.9820594724584033,0.025109970674486802,0.9621173077579006,0.0,0.89644742724015,0.13581378299120234,0.7948927540031695
1501,0.925251256281407,0.8480407833063144,0.3044569993722536,0.6616553207049751,0.8480407833063144,0.3044569993722536,0.6616553207049751,0.8480407833063144,0.3044569993722536,0.6616553207049751,3.32181948968678,0.6837711578871418,0.8041431261770244,0.10619060091788526,0.1613308223477715,0.8566598635492203,0.27746390458254866,0.6916684182869154,0.8566598635492203,0.27746390458254866,0.6916684182869154,0.8566598635492203,0.27746390458254866,0.6916684182869154,10.16949152542373,162.0,19.61550943202227,0.6465787821720023,10.0,4.646599171369229,0.5000622975823789,-0.9633611989432367,0.3286252354048964,10.0,0.8093820477591855,0.45535053744781534,-2.0009955944217177,0.04080351537978656,10.0,-0.6138373506227716,0.1978968747933161,9.73006905210295,155.0,0.9851965663305575,0.14563716258631512,0.8381851035686968,0.0,10.0,257.0,1593.0,0.0,0.0,256.0,1.0,0.0,0.0,0.0,99.61089494163424,0.38910505836575876,-1.7865540726248506,0.25878844946641555,0.4481484384122261,0.4381065847772749,-1.441320216941117,0.32485875706214695,0.7486578591262748,0.46846899572874223,-0.7853918227148153,0.3907721280602637,1.1025394278531615,0.4872175903115843,0.8844064986604512,0.33584431889516636,0.6267660900205568,0.8844064986604512,0.33584431889516636,0.6267660900205568,0.8844064986604512,0.33584431889516636,0.6267660900205568,0.8040428166342236,0.35279347143753925,0.6079674135989195,0.8040428166342236,0.35279347143753925,0.6079674135989195,0.8040428166342236,0.35279347143753925,0.6079674135989195,0.0,0.9416184405733301,0.11487758945386065,0.8723386645436416
1504,0.9994845360824742,0.9957450747863749,0.01287995878413189,0.9716573320335522,0.9957450747863749,0.01287995878413189,0.9716573320335522,0.9957450747863749,0.01287995878413189,0.9716573320335522,0.9311123348674444,0.649386428300233,0.3467284904688305,0.0,0.01751674394641937,1.0,0.0,1.0,1.0,0.0,1.0,1.0,0.0,1.0,65.32715095311696,1268.0,1663.0518475718168,1650738.7053065428,2.0,39.29315840666627,1774590.0890002127,91.64638873109897,106447.78586589223,2.0,3.6458966474516092,123291.94556078123,-1.8563564132863728,-0.13130504894384337,2.0,-0.9285824124769803,0.05896116935205036,34.672849046883044,673.0,0.8773886527469534,0.3317877382792375,0.38794540294607877,1.0,2.0,34.0,1941.0,0.0,0.0,33.0,1.0,2.941176470588235,0.0,0.0,97.05882352941177,2.941176470588235,-1.0610900871365136,0.20427614631633056,0.20962814019436693,0.2722896631818028,0.18930051226112798,0.6105286450283357,0.8514222506284619,0.48235199045249033,11.357384183179548,121.0244719216897,2.9375932293060005,222.89350520599646,1.0,0.0,1.0,1.0,0.0,1.0,1.0,0.0,1.0,0.9341301015744745,0.05873261205564142,0.8700801687218684,0.9341301015744745,0.05873261205564142,0.8700801687218684,0.9341301015744745,0.05873261205564142,0.8700801687218684,0.0,0.9964475886022844,0.0061823802163833074,0.9864096884940965
1510,0.625,0.8721592410549125,0.08963093145869948,0.8012438100586974,0.989788686638896,0.0492091388400703,0.8941381280814363,0.9492032662121453,0.0492091388400703,0.8945445399065384,0.9526351224018599,0.8721592410549125,0.08963093145869948,0.8012438100586974,0.054481546572934976,0.9415596427250146,0.07205623901581722,0.8436320738908661,0.9415596427250146,0.07205623901581722,0.8436320738908661,0.9362745098039216,0.06854130052724078,0.8518357781442584,62.741652021089635,357.0,49.20907650724138,880.5831282952547,2.0,5.447186284898407,569.3569926699494,7.8147348251102615,61.89071233954305,2.0,1.740406628520751,34.904718603211656,-0.5355351225188612,0.0037949033391915642,2.0,0.4154259962824675,0.002646071523977847,37.258347978910365,212.0,0.9797278811381966,0.07205623901581722,0.8451371786276162,1.0,2.0,31.0,569.0,0.0,0.0,30.0,1.0,3.225806451612903,0.0,0.0,96.7741935483871,3.225806451612903,0.9651825547526209,0.05932799384885764,0.9785827119630317,0.018022995343089827,3.022590146044739,0.21771345342706502,1.4175537695584106,0.072726074660982,5.985908976234704,17.024304481546572,1.9754487571153525,4.434087221242544,0.8700584007187779,0.09490333919156414,0.7901774129665797,0.9630437080492574,0.070298769771529,0.8519077611784914,0.9651709740499974,0.05272407732864675,0.8870120070427198,0.8897785529306063,0.0984182776801406,0.7815409507877525,0.9583333333333335,0.10193321616871705,0.7802913293566254,0.956305163574864,0.06502636203866433,0.8588874813161476,0.0,0.9512248295544633,0.043936731107205626,0.9052064799450897
1515,0.6982456140350877,0.8836144467045589,0.28021015761821366,0.7014232723826331,0.8836144467045589,0.28021015761821366,0.7014232723826331,0.8836144467045589,0.28021015761821366,0.7014232723826331,4.199893218280201,0.724418143826747,0.8248686514886164,0.08827687206972652,2.2784588441331,0.8774863395061808,0.29071803852889666,0.6901405688133377,0.8774863395061808,0.29071803852889666,0.6901405688133377,0.8774863395061808,0.29071803852889666,0.6901405688133377,10.507880910683012,60.0,571.0000000000255,2882892.5060603363,20.0,23.895606290698783,7792765.645319148,212.99036757642202,67437.28899329553,20.0,12.818352880347566,343176.12890965363,8.917211252460918,0.0,20.0,2.802621472921151,0.0,1.926444833625219,11.0,0.946202123502213,0.16637478108581435,0.8231679488851219,0.0,20.0,1301.0,571.0,0.0,0.0,1300.0,1.0,0.0,0.0,0.0,99.92313604919293,0.07686395080707148,83.84811724918636,681.1991216926419,8.342688862928654,9417.269904669456,157.41042511968345,13117.016397936946,11.520552318738499,94709.23455675274,306.3440351034025,50568.452744361304,16.9054890926111,357114.7780367774,0.9160054840075945,0.29597197898423816,0.6837415240211453,0.9160054840075945,0.29597197898423816,0.6837415240211453,0.9160054840075945,0.29597197898423816,0.6837415240211453,0.7128617145561758,0.5376532399299475,0.4265249039012023,0.7128617145561758,0.5376532399299475,0.4265249039012023,0.7128617145561758,0.5376532399299475,0.4265249039012023,0.0,0.7979026871526468,0.39929947460595444,0.5753400528427439
4134,0.4962666666666667,0.7642569046076912,0.26019728072514,0.474478673972241,0.7642569046076912,0.26019728072514,0.474478673972241,0.7642569046076912,0.26019728072514,0.474478673972241,0.994841931879593,0.7326311756631155,0.26312983204478807,0.47189610113954455,0.47374033591042386,0.7034519172895947,0.2836576912823247,0.42683478860294105,0.7034519172895947,0.2836576912823247,0.42683478860294105,0.7034519172895947,0.2836576912823247,0.42683478860294105,54.22553985603839,2034.0,3751.000000000028,0.9741670958480405,2.0,61.24540799113505,0.500066644452143,162.45088247861207,0.08787999840578177,2.0,8.206743925756857,0.15803081243142927,-2.001066951187042,4.4432595841108546e-05,2.0,-31.46052678687507,0.0027212924603935837,45.77446014396161,1717.0,0.7180249499499649,0.3415089309517462,0.29501532836595,1.0,2.0,1777.0,3751.0,0.0,0.0,1776.0,1.0,0.056274620146314014,0.0,0.0,99.94372537985369,0.056274620146314014,6.247399909590623,0.0064871589753399145,2.4800859702659226,0.04536734329324105,43.170102100980834,0.019994668088509745,6.277325876732576,0.10761316494758025,144.56321928338087,0.0959077579312182,10.531300057120028,0.25300250901954074,0.7711615122990696,0.2545987736603572,0.48609000427659976,0.7711615122990696,0.2545987736603572,0.48609000427659976,0.7711615122990696,0.2545987736603572,0.48609000427659976,0.6772545812623948,0.32098107171420953,0.3541234409421478,0.6772545812623948,0.32098107171420953,0.3541234409421478,0.6772545812623948,0.32098107171420953,0.3541234409421478,0.0,0.7225273151989846,0.2708611037056785,0.4527915125749734
4538,0.960595623987034,0.6867923923069903,0.5044059556365846,0.3402560047489989,0.6867923923069903,0.5044059556365846,0.3402560047489989,0.6867923923069903,0.5044059556365846,0.3402560047489989,2.193423736133549,0.6551030443934954,0.5509976704142611,0.22392635944724965,0.003342449103615922,0.6897543845093375,0.507950977413147,0.3382527621007807,0.6897543845093375,0.507950977413147,0.3382527621007807,0.6897543845093375,0.507950977413147,0.3382527621007807,29.87946925959688,2950.0,193.89795794737927,0.011116396597791957,5.0,7.171537944883619,0.013351214902817645,47.822308711805,0.0013097793076762383,5.0,0.9535035837473849,0.005340125416350268,7.60172743206796,-1.4722551402815979e-05,5.0,-1.8838558879721448,0.0009539442477959262,10.108376380026336,998.0,0.7183986344061585,0.5825990073939026,0.22968845823523382,0.0,5.0,33.0,9873.0,0.0,0.0,32.0,1.0,0.0,0.0,0.0,96.96969696969697,3.0303030303030303,10.692874878818031,-7.294024106148108e-07,-0.529067434746491,0.0016894363730024025,32.23273656863213,1.231754431277217e-05,0.2510938167743828,0.004344638070150883,52.88939311045483,0.0009602516251392687,2.3728794681232115,0.008791262132633587,0.7543775851885981,0.5001519295047098,0.3326131729958107,0.7543775851885981,0.5001519295047098,0.3326131729958107,0.7543775851885981,0.5001519295047098,0.3326131729958107,0.6569630107205775,0.5306391167831459,0.30868872800223496,0.6569630107205775,0.5306391167831459,0.30868872800223496,0.6569630107205775,0.5306391167831459,0.30868872800223496,0.0,0.7369189873516249,0.4029170464904284,0.4730412175166446
40496,0.7214428857715431,0.8154662421716445,0.19109992326037803,0.49440125319906425,0.8249276046078352,0.19887770103815583,0.5336012531990642,0.7912187505328484,0.19961844177889657,0.5381355259720889,3.312307702487186,0.7012899347208277,0.35404135618386495,0.24901999602134425,0.016,0.7637471737276396,0.19074716025801397,0.49657365466661824,0.7637471737276396,0.19074716025801397,0.49657365466661824,0.7637471737276396,0.19074716025801397,0.49657365466661824,11.4,57.0,0.7363180226323118,0.818,10.0,0.4265826667894626,0.492325877381108,-1.1173581845410985,0.6565714285714286,10.0,-0.7264117116188794,0.45729419529310666,-1.872759540452944,0.3960000000000001,10.0,-1.6532963313105244,0.386230952536685,7.3999999999999995,37.0,0.876904362589357,0.20340687300359153,0.5638395970519717,0.0,10.0,8.0,500.0,0.0,0.0,7.0,1.0,0.0,0.0,0.0,87.5,12.5,-1.8253446979076169,0.5900000000000001,-1.0623385393261326,0.44230676067756874,-1.4799416454808219,0.67,-0.7252545765089368,0.4706836370348403,-0.8749526989054361,0.734,-0.36707981414182267,0.4895542121699178,0.7879954337417978,0.20094970712822646,0.47541989934822115,0.7879954337417978,0.20094970712822646,0.47541989934822115,0.7879954337417978,0.20094970712822646,0.47541989934822115,0.7678273225147108,0.2151765133303162,0.46152191208960025,0.7775659248734506,0.2151765133303162,0.46152191208960025,0.7855398731219982,0.21702836518216806,0.46463886948165056,0.0,0.7727279046987288,0.1900359640737836,0.518176172785808
40499,0.9981814875431897,0.9257586735694643,0.14108907963245662,0.8231250720461736,0.9257586735694643,0.14108907963245662,0.8231250720461736,0.9257586735694643,0.14108907963245662,0.8231250720461736,3.459431618637298,0.7235803036734378,0.6054226792511727,0.25262694838096234,0.007454545454545454,0.9207625609985796,0.14184816075313206,0.8208130711028765,0.9207625609985796,0.14184816075313206,0.8208130711028765,0.9207625609985796,0.14184816075313206,0.8208130711028765,9.090909090909092,500.0,11.448611212294171,-0.24215909090909102,11.0,2.6688506796156806,0.3483659144675927,1.1981350593397597,-0.6055166227272727,11.0,0.2853136375729942,0.23320130174567713,-1.080511792253421,-1.0983054545454545,11.0,-1.140240981713934,0.13897688217291798,9.090909090909092,500.0,0.9331708938485477,0.22731197119810193,0.7070201996868415,0.0,11.0,41.0,5500.0,0.0,0.0,40.0,1.0,0.0,0.0,0.0,97.5609756097561,2.4390243902439024,-0.6186434590446399,-0.7075200454545454,-0.2864494969993817,0.20057235692977396,0.030664066794594103,-0.5804279999999999,0.027156539944742052,0.222246727329651,1.086225225943642,-0.48527563636363624,0.5188938465004845,0.25351127147986313,0.9528997978926231,0.15717517582649734,0.804241345458473,0.9528997978926231,0.15717517582649734,0.804241345458473,0.9528997978926231,0.15717517582649734,0.804241345458473,0.8742599058852679,0.20633565494135472,0.7474195724417494,0.8742599058852679,0.20633565494135472,0.7474195724417494,0.8742599058852679,0.20633565494135472,0.7474195724417494,0.0,0.9099091706857851,0.1334848980602012,0.8198465981929436
